query,search interest,increase percent
microsoft word,7,120%
pdf to word online free,15,90%
word to pdf free,48,80%
pdf to word free,47,80%
from word to pdf,13,80%
from pdf to word,13,60%
change pdf to word,5,50%
pdf to doc,7,40%
doc to pdf,7,40%
i love my pdf,1,40%
pdf merger,1,40%
pdf to word converter free online,5,40%
ilovepdf word to pdf,11,30%
pdf to word convert pdf to word online for free,1,30%
google doc,1,30%
word file to pdf,11,30%
word to pdf converter online free,5,30%
adobe acrobat,1,30%
convert word to pdf online free,3,30%
free pdf to word converter,13,30%
pdf to word converter free,13,30%
pdf to word free converter,13,20%
word to pdf converter free,13,20%
docx to pdf,2,20%
word to pdf online,35,20%
ilovepdf pdf to word,10,20%
word online,35,20%
word to pdf i love pdf,25,20%
pdf to word online,36,20%
convert pdf to word for free,2,20%
i love my pdf to word,1,20%
i love pdf to word,25,20%
i love pdf word to pdf,27,20%
ubah pdf to word,0,20%
pdf to ms word converter,1,20%
pdf to word i love pdf,26,20%
pdf to word converter online free,4,20%
i love pdf pdf to word,26,20%
ilove pdf to word,3,20%
free word to pdf converter,12,20%
pdf to word file,10,20%
love pdf to word,27,20%
i love pdf,26,20%
ilove pdf,3,20%
ilove word to pdf,3,20%
love pdf,27,20%
split pdf,1,20%
ilovepdf,9,20%
free convert pdf to word,9,10%
whatsapp login,2,10%
query,search interest,increase percent
openai news,3,Breakout
ai news today,3,Breakout
new york times,2,Breakout
walmart near me,2,Breakout
openai news today,1,Breakout
how to file small claims,1,Breakout
compression socks,17,600%
google docs,4,350%
wikipedia,6,350%
what is a swap file,1,300%
file compression definition,21,200%
what is a json file,1,170%
pdf file compression,78,100%
compression pdf,77,100%
pdf compression,74,90%
best file compression,100,70%
google drive,7,50%
free file compression,46,40%
dropbox,2,40%
pdf compression free,10,30%
free pdf compression,10,30%
how file compression works,5,20%
pdf compression online,8,20%
file compression online,44,20%
online file compression,43,10%
compression ratio,20,9%
what is a midi file,1,7%
reduce pdf file size,5,5%
lossy vs lossless compression,1,1%
7-zip,2,-4%
video compression,52,-4%
best file compression software,10,-5%
video file compression,52,-5%
wetransfer,1,-5%
free file compression software,6,-5%
drive,19,-6%
what is file compression,87,-10%
image compression,50,-10%
jpeg compression,14,-20%
png compression,11,-30%
zstd compression,5,-30%
file compression software,29,-30%
lz4 compression,2,-30%
how does file compression work,7,-30%
ffmpeg,2,-40%
brotli compression,2,-40%
file compression algorithms,5,-40%
free pdf compressor,1,-40%
what is a zip file,3,-40%
pdf compressor,2,-40%
best video compressor,45,350%
compressor de video,45,350%
pdf compressor,31,200%
compressor de video online,5,190%
video compressor app,25,170%
youtube video,51,160%
free video compressor app,6,150%
freeconvert video compressor,4,110%
freeconvert,4,110%
fast video compressor,3,100%
photo compressor,6,80%
image compressor,14,70%
video compressor software,8,60%
audio compressor,12,60%
video com,3,50%
video to audio,6,50%
video compressor free download,9,40%
proton video compressor,1,30%
clideo,3,30%
clideo video compressor,3,30%
video candy compressor,1,20%
free video compressor,95,20%
video compressor free,92,20%
video size compressor,40,10%
video compressor download,25,10%
large video compressor,6,10%
capcut,4,5%
compress pdf,2,4%
kapwing,1,3%
ffmpeg,1,3%
adobe video compressor,4,-1%
free convert video compressor,2,-4%
free convert,2,-6%
panda video compressor,5,-9%
veed video compressor,4,-9%
dropbox,1,-9%
video file compressor free,6,-10%
video compressor panda,5,-10%
veed,4,-10%
file compressor free,6,-10%
handbrake video compressor,8,-10%
handbrake,7,-10%
online free video compressor,36,-10%
online video compressor free,36,-10%
video compressor online free,36,-10%
video quality compressor,16,-10%
video compressor to 10mb,2,-10%
video editor,7,-10%
free online video compressor,36,-10%
video compressor free online,37,-10%
what is a catalytic converter,0,1950%
image to.pdf converter,0,90%
hd image converter free,3,60%
image hd converter free,3,60%
image to dxf converter,1,50%
image ratio converter,1,50%
image to dwg converter,1,40%
image hd converter,12,40%
hd converter image,11,30%
image to video converter,7,20%
image to link converter,2,20%
hd image converter,11,20%
low to high resolution image converter,1,20%
minecraft image converter,1,10%
300x300 image converter,0,10%
enhance image,1,10%
video to image converter,7,10%
image to base64 converter,1,10%
image to jpg converter 100 kb,1,10%
low quality to high quality image converter,1,10%
low to high quality image converter,1,10%
image to excel converter online free,1,10%
4k image converter,4,9%
image to pdf converter free,15,9%
pdf to image converter free,15,8%
image to hd converter,4,8%
free image to pdf converter,15,8%
4k converter image,4,8%
image upscaler,1,7%
free image converter,40,7%
pdf converter,100,7%
pdf merge,2,5%
aadhar card download,0,5%
svg converter,3,5%
image to hd image converter,4,4%
pdf to image converter,99,4%
high resolution image converter,2,4%
uidai,0,4%
merge pdf,2,4%
image to pdf converter,96,2%
pdf image converter,100,2%
upscale image,1,2%
image to excel converter free,1,2%
kb converter,10,2%
pdf,99,2%
image to vector converter,2,2%
3000x3000 image converter,0,2%
image 4k converter,4,1%
jpg to jpeg converter,3,1%
image kb converter,10,0%
uitly.com free qr code generator,1,Breakout
static qr code generator,2,250%
best qr code generator,10,250%
best free qr code generator,4,200%
qr code generator api,2,180%
qr code generator pro,3,180%
db legends qr code generator,0,150%
dynamic qr code generator,3,150%
ai qr code generator,7,140%
qr code generator for url,2,120%
dragon ball qr code generator,1,110%
qrcode monkey,1,100%
adobe express qr code generator,1,100%
adobe express,1,100%
the qr code generator,17,90%
permanent qr code generator,1,90%
url to qr code generator,2,90%
me qr code generator,4,80%
custom qr code generator,2,70%
text to qr code generator,2,70%
qr code generator for free,10,70%
me qr,4,70%
location qr code generator free,1,60%
text qr code generator,4,60%
microsoft qr code generator,2,60%
qr code generator text,4,60%
website qr code generator,5,60%
link to qr code generator,6,60%
qr code generator for location,2,60%
location qr code generator,5,60%
qr code generator by tec-it,0,60%
link to qr code,6,50%
pdf to qr code generator,5,50%
qr code generator pdf,11,50%
qr code generator reddit,2,50%
pdf qr code generator,11,40%
bulk qr code generator free,1,40%
free qr code generator no expiration,2,40%
qr code generator free no expiration,2,40%
map qr code generator,3,40%
vcard qr code generator,1,40%
qr code link generator,11,40%
link qr code generator,11,40%
qr code generator monkey,6,40%
bar code generator,1,40%
whatsapp qr code generator free,2,30%
image qr code generator,5,30%
monkey qr code,6,30%
canva,15,30%
canva qr code,15,30%
light pdf,1,350%
small pdf,1,250%
online games,1,200%
lightpdf,0,180%
online pdf editor for free,11,140%
pdfgear,1,130%
pdf gear,0,130%
photo editor online free,3,100%
editor de pdf online,14,100%
pdf text editor online free same font,0,80%
editor de pdf,13,70%
pdf editor online free without login,1,60%
online photo editor,6,40%
photo to pdf,3,40%
photo editor,6,30%
adobe acrobat,2,30%
adobe acrobat online pdf editor,2,30%
photo editor online,6,30%
easy online pdf editor,4,30%
remove background,1,30%
nvsp,0,30%
pdfescape,1,20%
adobe acrobat online,2,20%
rtps,0,20%
canva pdf editor online,4,20%
canva pdf editor,4,20%
free online pdf editor,99,20%
foxit pdf editor,1,20%
pdf editor online free edit text,2,10%
editor de pdf gratuito,1,10%
editor pdf online free,100,10%
pdf free editor online,99,10%
online pdf editor free,98,10%
smallpdf,1,10%
image editor online free,3,10%
pdf editor free online,95,10%
pdf free editor,97,9%
pdf editor free,97,9%
free pdf editor,96,8%
i love my pdf,0,8%
unlock pdf,0,8%
free pdf online editor,96,8%
online free pdf editor,96,7%
easy to use online pdf editor,2,5%
ilovepdf,2,5%
free pdf editor online,92,5%
csc,1,4%
pdf online editor free,90,4%
adobe online pdf editor,6,3%
editor de pdf online gratis,2,3%
mastercard currency converter,7,180%
best currency converter app,5,130%
currency converter sar to inr,2,110%
currency converter api,7,110%
currency converter mtg,1,100%
currency converter today,36,80%
currency converter uae to india,1,80%
wise currency converter,12,80%
currency converter app,23,80%
wise,12,70%
cib currency converter,1,70%
historical currency converter,6,70%
currency converter aud to inr,1,70%
currency converter usd to jmd,1,70%
gold price in india,1,60%
tarkov currency converter,1,60%
all currency converter,7,60%
currency converter us to india,1,60%
currency converter eur to usd,5,60%
live currency converter,13,60%
currency converter usd to eur,5,60%
hsbc currency converter,2,50%
royal bank currency converter,1,50%
currency converter near me,13,50%
foreign currency converter,7,50%
currency converter kwd to inr,1,50%
currency converter omr to inr,1,50%
currency exchange rate today,4,40%
ecb currency converter,2,30%
visa currency converter,13,30%
western union currency converter,3,30%
online currency converter,28,30%
western union,3,30%
currency converter online,27,20%
international currency converter,10,20%
currency converter uae,7,20%
currency exchange rate,22,20%
currency converter usd to egp,1,20%
xe,47,20%
xe currency converter,49,20%
us currency converter,33,20%
currency converter euro to cad,1,20%
universal currency converter,5,20%
currency converter canada,20,20%
currency converter gbp to eur,2,20%
xe currency,47,20%
currency converter dubai to india,1,20%
currency converter usd to inr,6,10%
usd to inr,6,10%
currency exchange converter,50,10%
lidl near me,0,Breakout
"uae gold rate today, 22k",0,Breakout
iran news,1,1650%
current gold rate in uae,9,600%
uae news today,7,500%
uae news,15,450%
rate of gold in uae,27,400%
silver price in uae,3,300%
silver price today,2,300%
amazon uae,3,300%
silver rate in india,2,300%
silver rate today,3,300%
silver rate in uae,5,250%
to day gold rate in uae,2,200%
bitcoin price usd,0,200%
gold rate in uae per gram,13,180%
gold rate per gram in uae,13,180%
gulf news,1,140%
gold rate now in uae,2,130%
emirates,2,130%
gold rate trend in uae,2,130%
exchange rate,11,120%
24k gold price in uae,4,120%
uae exchange rate,11,110%
gold price in india,10,100%
exchange rate uae to inr,1,90%
uae lottery,1,90%
uae gold rate today 24k,6,90%
today 24k gold rate in uae,6,90%
gold price in uae,42,70%
gold price,42,70%
live gold rate in uae,7,60%
gold rate in uae live,7,60%
gold price in uae today,22,60%
exchange rate aed to inr,1,60%
gold price uae,41,60%
today gold price in uae,21,60%
noon uae,1,60%
noon,1,60%
gold price today,21,60%
24k gold price in dubai,2,50%
gold price in dubai,12,50%
gold price in pakistan,3,50%
make my trip,0,40%
sensex,0,40%
1 gram gold price in uae,3,40%
one gram gold rate in uae,1,30%
dollar to inr,0,30%
sensex today,0,30%
nifty 50,0,20%
